Crashed,Rewards
True,46.00000000000002
True,77.68888888888874
True,74.85313580246918
True,26.533333333333346
True,7.866666666666669
True,56.755555555555596
True,24.38074074074075
True,37.46666666666668
True,28.802962962962976
True,115.26666666666674
True,89.6444444444445
True,33.6888888888889
