Crashed,Rewards
True,2.666666666666667
True,6.3999999999999995
True,6.6
True,9.333333333333332
True,10.91234294056143
True,2.4
True,4.266666666666667
True,3.422222222222222
