Crashed,Rewards,AvgSpeed,StdSpeed
False,123.36047432655648,21.493136154070108,2.2295559724853176
False,119.64723250222168,20.555650768928047,1.5442443493939075
