Crashed,Rewards
True,52.62244715979446
True,39.193135670642974
True,10.813029332398294
False,97.36461162317099
True,17.829118228884788
False,87.43394629660119
True,5.2218832710779255
True,66.57257574598609
True,73.9873815939299
True,13.053266239603317
False,90.2123791179875
True,27.75486394948065
False,88.79386936921475
True,51.25156778165094
True,39.206202493170686
True,101.07098282684633
