Crashed,Rewards,AvgSpeed,StdSpeed
True,22.106489013433027,29.15443656099934,1.9017927686852736
False,120.53891403650296,21.086900768928047,2.9345917016385594
False,119.32999128944695,20.48658372392439,1.046976965169348
