Crashed,Rewards,AvgSpeed,StdSpeed
False,110.37924433415195,20.118150768928047,0.7014119926598457
